{ 
    "Step9": {
        "soma": {
            "Spikecount": [
                6.25,
                3.23
            ],
            "AP_amplitude_from_voltagebase": [
                91.97,
                10.935
            ],
            "voltage_base": [
                -70.0,
                1.0
            ],
            "AHP_depth": [
                24.46,
                6.52
            ],
            "AHP_time_from_peak": [
                12.13,
                2.64
            ],
            "AHP_depth_abs_slow": [
                -40.92,
                16.37
            ],
            "AHP_slow_time": [
                0.31,
                0.16
            ],
            "AP_duration_half_width": [
                1.11,
                0.20
            ],
            "AP_width": [
                3.21,
                0.82
            ],
            "AP_peak_downstroke": [
                -25.31,
                19.99
            ],
            "steady_state_voltage_stimend":[
                -42.28,
                8.64
            ],
            "AP2_AP1_diff": [
                -3.75,
                3.10
            ],
            "decay_time_constant_after_stim": [
                15.96,
                4.41
            ],
            "ISI_CV": [
                0.0,
                0.1
            ]
        }
},
    "Step8": {
        "soma": {
            "Spikecount": [
                5.25,
                3.46
            ],
            "steady_state_voltage_stimend":[
                -44.39,
                9.3
            ]
        }
        
},
    "Step7": {
        "soma": {
            "Spikecount": [
                4.5,
                3.32
            ],
            "steady_state_voltage_stimend":[
                -49.04,
                7.79
            ]
        }
        
},
    "Step6": {
        "soma": {
            "Spikecount": [
                3.38,
                3.24
            ],
            "steady_state_voltage_stimend":[
                -50.86,
                8.12
            ]
        }
        
},
    "Step5": {
        "soma": {
            "Spikecount": [
                2.5,
                2.69
            ],
            "steady_state_voltage_stimend":[
                -52.68,
                8.69
            ]
        }
        
},
    "Step4": {
        "soma": {
            "Spikecount": [
                1.625,
                2.06
            ],
            "steady_state_voltage_stimend":[
                -55.93,
                8.05
            ]
        }
        
},
    "Step3": {
        "soma": {
            "Spikecount": [
                0.75,
                1.39
                ],
            "steady_state_voltage_stimend":[
                -58.22,
                8.07
            ]
        }
        
},
    "Step2": {
        "soma": {
            "Spikecount": [
                0.25,
                0.66
            ],
            "steady_state_voltage_stimend":[
                -62.89,
                5.96
            ]
        }
        
},
    "Step1": {
        "soma": {
            "Spikecount": [
                0.0,
                0.1
            ],
            "steady_state_voltage_stimend":[
                -67.51,
                2.81
            ]
        }
        
}
}
